{"id": "S001",
 "modeltype": "classifier",
 "V1": 1.20148446893292,
 "V2": 0.37919998704422,
 "V3": 0.432242479509393,
 "V4": 0.615508315206694,
 "V5": -0.329237276787674,
 "V6": -0.842983137931778,
 "V7": 0.0498216951731638,
 "V8": -0.122162079359262,
 "V9": -0.381335196329698,
 "V10": -0.140908749842606,
 "V11": 1.97235137534259,
 "V12": 1.48353636871362,
 "V13": 1.03222136069875,
 "V14": -0.263358306753271,
 "V15": 0.276840907879305,
 "V16": 0.572091956546206,
 "V17": -0.235125227984836,
 "V18": 0.0160013366625211,
 "V19": 0.0085494472852014,
 "V20": -0.0187089806597938,
 "V21": -0.212431045919239,
 "V22": -0.603656624101857,
 "V23": 0.131697585469307,
 "V24": 0.520761407020031,
 "V25": 0.19054987181296,
 "V26": 0.0613405315325983,
 "V27": -0.0203971297783431,
 "V28": 0.0245403649816939,
 "Amount": 0.89,
 "hour": 12}