{"id": "S002",
 "modeltype": "score",
 "V1": -17.2751911945397,
 "V2": 10.8196653713117,
 "V3": -20.3638859739149,
 "V4": 6.04661174671427,
 "V5": -13.4650333517322,
 "V6": -4.16664724489873,
 "V7": -14.4094479851747,
 "V8": 11.5807967244857,
 "V9": -4.07385571204177,
 "V10": -9.15336803834587,
 "V11": 6.21088301172371,
 "V12": -8.77857203246194,
 "V13": -0.0613674966661798,
 "V14": -9.57466229922106,
 "V15": 0.0492885399107771,
 "V16": -7.41848727872681,
 "V17": -14.1027718764864,
 "V18": -5.01642333521081,
 "V19": 1.39031436050276,
 "V20": 1.54497046707519,
 "V21": 1.7298040916597,
 "V22": -1.20809608165502,
 "V23": -0.726839224163999,
 "V24": 0.112539673508366,
 "V25": 1.11919347248491,
 "V26": -0.233188990129274,
 "V27": 1.68406299250578,
 "V28": 0.503739738280361,
 "Amount": 99.99,
 "hour": 7.0}